id;first_name;last_name;email;password;create_date;avatar_url;activated;lang_key;reset_date;reset_key;authorities;created_by;last_modified_by;last_modified_date;course_id
2e883d88-9e6b-421c-ae80-13751fb04ef7;Fredy;Boyer;Toney13@hotmail.com;Borders;2023-02-17T09:53:22;Intuitive;true;Keyboard Bedfordshire matrices;2023-02-17T03:33:31;Toys Central;copying Mall;Cambridgeshire Rubber solution;Cheese;2023-02-16T16:33:50;port
57830373-dd57-4d47-9b2a-3bb3a6b4e997;Ressie;Kertzmann;Mariela16@yahoo.com;sexy;2023-02-17T08:20:37;Locks;false;digital killer;2023-02-17T16:10:51;fuchsia Leone;needs-based haptic tan;open-source Metal Island;Highway;2023-02-17T15:40:55;Home
81bb8803-8b8d-41f2-9fb1-7cbd0bab81ff;Tianna;Feeney;Elbert_Pollich@gmail.com;withdrawal User-centric Concrete;2023-02-16T17:54:14;Baby Alabama;true;calculate;2023-02-16T21:12:03;Pizza Heard;User-friendly;back-end Money;harness Account synthesizing;2023-02-17T02:53:19;Fresh
33e9b6c1-95e5-47b1-98bc-4fdad2308b0d;Godfrey;Sipes;Ned_Wilderman42@hotmail.com;Dynamic viral Account;2023-02-17T07:29:23;Technician;true;Kids;2023-02-16T17:50:28;Chief Home circuit;virtual;Overpass;multi-tasking Cuban Balanced;2023-02-17T13:32:04;calculating
2b38b7f0-66ae-433e-afac-10b1eb8b6ec0;Roderick;Lesch;Vicky_Wilderman@gmail.com;Virtual;2023-02-17T08:19:37;attitude-oriented Senior Steel;false;Savings;2023-02-16T21:52:55;Frozen Chips;Pound;connecting Security;deposit;2023-02-16T20:09:28;Bedfordshire
614aaa7a-7ea5-41e9-b07d-50f49e6346e8;Kenya;Nitzsche;Jaime3@gmail.com;Communications compressing;2023-02-17T01:44:58;Supervisor Bedfordshire;false;revolutionary platforms Republic;2023-02-17T07:14:06;Rustic;parse Specialist Berkshire;Awesome user-facing Handcrafted;Ameliorated Unbranded hard;2023-02-17T05:45:11;Kiribati
abafc376-457f-4779-b074-8aa411262056;Monica;Jacobi;Johanna87@hotmail.com;CSS copying;2023-02-16T22:58:48;HTTP;false;1080p Connecticut;2023-02-16T19:37:55;Mouse Buckinghamshire;PCI programming withdrawal;transitional;Producer Tasty Account;2023-02-16T19:01:41;Central generate
7beed738-4e46-4497-bd2d-b67424c2bbff;Arlene;Reinger;Sherwood.Becker@yahoo.com;matrix Chips convergence;2023-02-17T10:24:58;parsing orchestration ADP;false;engine extend;2023-02-17T00:52:28;encoding;Dollar Ergonomic quantifying;Facilitator Global Colorado;open-source Administrator;2023-02-17T06:12:37;SSL
f7f37263-8cc8-4191-bf5c-3f24b1d28d68;Justus;Sipes;Marlin_Kling@yahoo.com;Data;2023-02-16T20:11:13;Soft;true;Trail Multi-tiered Street;2023-02-16T20:48:58;Fantastic Belarussian wireless;bottom-line yellow;Account Ireland optical;Georgia Yemen Infrastructure;2023-02-17T05:15:01;Dinar
f4e7deaf-c290-4d23-98e4-c740f8bc79b7;Deborah;Bradtke;Antwon.Schimmel@hotmail.com;red Solomon;2023-02-17T14:15:29;EXE executive Borders;true;Metal Centralized;2023-02-17T02:06:32;Swaziland;Cambridgeshire;Barbados;Right-sized;2023-02-17T01:25:58;reboot hack
