id;course_id;name;email;instructor_url;instructor_thumbnail;instructor_rating;instructor_rating_count;instructor_total_students;instructor_total_reviews;rating_count
e97c7eb6-16b8-4fd4-92a1-e15dc7ec429f;as connecting;intangible;Lexus_Gulgowski@yahoo.com;Automotive;Polarised;Manager Dynamic Buckinghamshire;South;Applications;blue Optimized synthesize;West
07c7c5c4-8587-49db-89c2-99200784cc2f;Computer partnerships;Chicken COM RAM;Alexane40@hotmail.com;system withdrawal payment;Fantastic Puerto morph;Internal web parse;Tasty copy;AGP cohesive responsive;eyeballs capacitor;Islands Home Open-architected
4ea0cfc7-2f3b-491d-bffc-8c62f41764c0;deposit;Implementation functionalities;Jalen.Botsford61@gmail.com;Avon withdrawal primary;salmon gold brand;withdrawal Consultant;dot-com Account TCP;Saudi;Fantastic Fresh Account;Palladium intangible ROI
4a93fe3c-9bbb-4329-8732-bbd54328a463;Chair virtual;target;Sheila_Kertzmann40@gmail.com;EXE;purple Concrete;JSON;experiences;Car Robust;and Customer multi-byte;lime
68005f07-7b1d-4232-be35-2e092d4d7d2c;payment virtual;card Automotive Supervisor;Hadley64@gmail.com;Berkshire Practical;knowledge Ergonomic;Technician online;Assurance;Principal EXE;synthesize ROI;violet Utah Consultant
f2f6479c-732b-41de-bff4-d737c290904d;silver Forward;embrace violet Granite;Gavin31@yahoo.com;content-based;Human;synergies program;Tobago withdrawal silver;THX;Jewelery Rand generate;mobile 1080p
f6ea31a3-fa1f-4c20-8bd0-a6a54e32a5a6;Frozen clicks-and-mortar Kwacha;SAS Fresh;Itzel.Haag30@yahoo.com;executive;Facilitator;algorithm;Vista Parkway Ameliorated;Loan Granite Frozen;Sports Response Engineer;Research Concrete
ac5800f1-af39-45ef-8351-d300d72e3105;Analyst ADP 24/7;Personal;Lydia.Schmitt39@gmail.com;synthesizing;Cotton Plastic Gorgeous;navigating Dynamic deposit;EXE;Sausages;Account;payment Table
3d7351a5-93a5-4ccc-be1c-5b8d281ea5ce;Shoes;bus;Brianne78@hotmail.com;web-readiness Markets calculating;Toys;out-of-the-box Cheese;Greens;port Analyst drive;COM;index
923015e0-65c8-455b-b4a6-f7202255ea83;Borders Delaware;Developer Card Buckinghamshire;Sherman26@yahoo.com;directional;Profound;magenta Tanzanian GB;payment Chair;Small Brook;solution Islands;Corporate web hybrid
