id;name;description
d6722901-aec0-4075-b737-c6595bf42db7;paradigms parse;Syrian out-of-the-box
81820d80-f4ad-49d9-9e9d-bd3e7119e461;withdrawal repurpose Minnesota;Clothing
dc8b0dd2-bf00-4cbc-b299-7a8fa929852a;circuit;Plastic Director Loan
a443d055-82e9-43b6-85f2-c48e14988404;e-commerce Highway;Rupee SQL Toys
c7b5037d-35d6-45cb-a23f-13fae02ead3a;optimal;bus user-centric Analyst
a5dc140c-723a-4933-9faa-40bd9a023d78;Vietnam Metal white;dot-com grow Washington
75622132-6355-4f72-8872-cc810840b05a;Fish Profound;mission-critical
1cb5049d-98ec-4495-987d-f5b24cbc2708;Market Berkshire compress;niches
9c5f4d3a-b954-4419-8d62-5a09eca81210;optical;Missouri TCP
52b71b47-eb6a-41d2-b407-ab35ad98a2c3;Ville web-enabled;Jersey Stravenue
