id;section_id;course_id;text;assignment_id;assessment_id;quizz_id
1f1bb87f-8f64-48fc-a537-4d24e927b964;Ergonomic USB input;ubiquitous;Buckinghamshire Fish;Gorgeous;drive;Response open-source
360f1a6d-c947-4bc4-9fe9-18d3c6d60565;orchid Cheese Synergized;York;Way Dynamic USB;Practical Alabama 1080p;withdrawal connect;Serbian
323167eb-3293-42b4-b1d6-e24f46a9e230;blockchains Zambian loyalty;Tactics;transmitting Bedfordshire;sensor;Clothing Strategist Kip;Granite
c4d74aa4-7e10-4db6-93c5-0dc361795187;Baby Inverse Expanded;Tuna;Avon Manager;Architect SSL;Music Steel SCSI;dot-com New Ball
e6797e53-571e-4b3a-84bf-c00b836ea588;Colorado analyzing;Markets Borders District;Small Enterprise-wide Pike;Small Advanced frame;withdrawal Maine;Dollar monitor monitoring
7beaf117-c260-441e-9b8b-730d308545b2;real-time Product;feed system didactic;embrace Orchestrator;Solutions synthesizing Technician;Applications Berkshire Chief;visualize
ac5a3d25-fe97-4a96-b5db-d9140207c06c;incubate Circle;systemic;Generic Metal payment;Jamaica;Sausages;navigate
8757e96d-a840-4e17-a266-e650588acf81;e-markets plum;Pants Soft Sterling;alarm;protocol boliviano Square;whiteboard;Handcrafted
cae948d4-9615-45b5-9ada-3b695c3d8c8d;monitor Accountability Administrator;Exclusive synthesize Soap;Soap cutting-edge;Avon;Shirt;customized
696481df-7098-49e3-b559-1b7da452b92c;India Auto Congolese;circuit Checking unleash;Streamlined synthesize;Administrator;Mountains;User-friendly visualize hacking
