id;user_id;course_id;instractor_id;value;comment;timestamp
0dc18dac-ee12-4ae9-a83e-fb70cee0bae2;Generic;indexing;virtual;81907;Borders;2023-02-16T19:45:18
30c8326c-64da-4bd8-a16f-50367b29147c;Interactions optimize deposit;Refined Synchronised;deliver;9262;compress Metal Loan;2023-02-17T10:53:52
96065335-ad59-46ec-9a9a-50b292ac2f85;Carolina Bahamas;parsing Soft Streamlined;Cheese open-source Fork;89780;Intranet Technician Gloves;2023-02-16T19:13:36
ca62b6d4-456a-49e7-a3c2-dd7a7aff618e;Sleek cross-platform Data;optical;Forward Fish recontextualize;41683;neural;2023-02-16T22:33:45
1352f15d-5cee-4a19-9470-47d227af2f2f;Incredible mobile West;Towels Chips;Account Zloty Home;10806;convergence auxiliary;2023-02-17T01:50:43
6fb4c341-bd05-477d-a155-24d26896a980;neural secondary International;product channels Home;Liaison infomediaries;83901;gold payment Norway;2023-02-17T02:37:21
ef0d4707-90c4-4ad1-ac36-8c7ba44906ec;indexing Officer SMS;capacitor Cheese;structure Cambridgeshire generating;65515;neural salmon reboot;2023-02-16T22:49:38
99027f32-8251-46a8-9abd-5c122ff194ce;deliver;SMTP compress;haptic;40524;fuchsia;2023-02-16T20:07:40
66a5844c-cf09-4670-bd8c-8a8f40e78780;Berkshire;Sausages Berkshire holistic;navigate Norway eco-centric;84164;Grocery Incredible Shoes;2023-02-16T23:41:08
cd0a5a05-665a-41e0-8025-eb4bd4584c4c;Home;Pizza transmit integrate;reinvent Account;93349;Music;2023-02-16T18:20:20
